RA,Dec,NAME,Diameter,Type,LongType,Redshift,Comoving Radial Distance (Gly),Light Travel Time (Gyr)
50.099743,41.358738,QSO   SDSS J032023.93+412131.5   20.504 Gly Distance   11.386 Gyr Light Travel Time,0,QSO,Quasar,2.8089,20.50449664,11.38591542
49.263524,41.258019,QSO   SDSS J031703.24+411528.8   19.684 Gly Distance   11.164 Gyr Light Travel Time,0,QSO,Quasar,2.5817,19.68419984,11.16378935
50.285211,41.539132,QSO   2MASS J03210844+4132208   19.243 Gly Distance   11.039 Gyr Light Travel Time,0,QSO,Quasar,2.4674,19.24291145,11.0385743
49.726412,41.02834,QSO   SDSS J031854.33+410142.0   18.457 Gly Distance   10.805 Gyr Light Travel Time,0,QSO,Quasar,2.2763,18.45719689,10.80543136
49.505128,41.977918,QSO   SDSS J031801.22+415840.5   12.995 Gly Distance   8.787 Gyr Light Travel Time,0,QSO,Quasar,1.275,12.99536699,8.786616797
49.233962,41.908176,QSO   SDSS J031656.14+415429.4   9.638 Gly Distance   7.145 Gyr Light Travel Time,0,QSO,Quasar,0.8476,9.638340289,7.145492523
49.823333,41.499444,GiC   [CGW2003] J031917.6+4129   6.893 Gly Distance   5.528 Gyr Light Travel Time,0,GiC,Galaxy in Cluster of Galaxies,0.56259,6.892768109,5.527960872
49.7325,41.394722,GiC   [CGW2003] J031855.8+4123   4.139 Gly Distance   3.607 Gyr Light Travel Time,0,GiC,Galaxy in Cluster of Galaxies,0.317285,4.139109303,3.607422623
49.862083,41.551389,GiC   [CGW2003] J031926.9+4133   3.599 Gly Distance   3.19 Gyr Light Travel Time,0,GiC,Galaxy in Cluster of Galaxies,0.272868,3.599036723,3.190385821
49.81625,41.505556,GiC   [CGW2003] J031915.9+4130   3.564 Gly Distance   3.163 Gyr Light Travel Time,0,GiC,Galaxy in Cluster of Galaxies,0.269994,3.563645758,3.162553765
49.98375,41.485833,GiC   [CGW2003] J031956.1+4129   3.498 Gly Distance   3.111 Gyr Light Travel Time,0,GiC,Galaxy in Cluster of Galaxies,0.264684,3.498114857,3.110852664
49.789583,41.525278,GiC   [CGW2003] J031909.5+4131   3.41 Gly Distance   3.041 Gyr Light Travel Time,0,GiC,Galaxy in Cluster of Galaxies,0.257563,3.409943875,3.040946518
49.812917,41.4825,GiC   [CGW2003] J031915.1+4128   3.26 Gly Distance   2.921 Gyr Light Travel Time,0,GiC,Galaxy in Cluster of Galaxies,0.245508,3.259922439,2.921090153
49.99375,41.517222,GiC   [CGW2003] J031958.5+4131   3.244 Gly Distance   2.909 Gyr Light Travel Time,0,GiC,Galaxy in Cluster of Galaxies,0.244267,3.24442437,2.908642344
49.900417,41.546389,GiC   [CGW2003] J031936.1+4132   2.536 Gly Distance   2.326 Gyr Light Travel Time,0,GiC,Galaxy in Cluster of Galaxies,0.188344,2.535561894,2.32574873
49.787917,41.545,GiC   [CGW2003] J031909.1+4132   2.31 Gly Distance   2.135 Gyr Light Travel Time,0,GiC,Galaxy in Cluster of Galaxies,0.170882,2.310030884,2.134576527
49.98375,41.544167,GiC   [CGW2003] J031956.1+4132   2.005 Gly Distance   1.872 Gyr Light Travel Time,0,GiC,Galaxy in Cluster of Galaxies,0.14752,2.005197507,1.871627045
49.153,41.595568,G   LEDA 2183589   1.992 Gly Distance   1.86 Gyr Light Travel Time,0.29,G,Galaxy,0.14651,1.991938987,1.860069346
49.15084,41.60069,GrG   [DCA2018] 416050   1.992 Gly Distance   1.86 Gyr Light Travel Time,0,GrG,Group of Galaxies,0.14651,1.991938987,1.860069346
49.382841,41.165561,EmG   SDSS J031731.88+410956.0   1.854 Gly Distance   1.74 Gyr Light Travel Time,0,EmG,Emission-line galaxy,0.13606,1.854372272,1.739546503
49.665082,41.77196,G   SDSS J031839.62+414619.2   1.841 Gly Distance   1.728 Gyr Light Travel Time,0,G,Galaxy,0.13508,1.841435125,1.728155289
49.325209,41.095171,EmG   LEDA 2175641   1.836 Gly Distance   1.723 Gyr Light Travel Time,0.26,EmG,Emission-line galaxy,0.13465,1.835756667,1.723152276
49.284244,41.704578,G   LEDA 2185472   1.828 Gly Distance   1.717 Gyr Light Travel Time,0.26,G,Galaxy,0.13408,1.828227571,1.716515833
49.335697,41.686223,G   SDSS J031720.56+414110.4   1.827 Gly Distance   1.715 Gyr Light Travel Time,0,G,Galaxy,0.13398,1.826906461,1.71535101
48.862342,41.468569,EmG   SDSS J031526.97+412806.9   1.826 Gly Distance   1.715 Gyr Light Travel Time,0,EmG,Emission-line galaxy,0.13392,1.826113765,1.71465204
49.883196,41.304231,GiC   2MASX J03193195+4118151   1.588 Gly Distance   1.503 Gyr Light Travel Time,0.15,GiC,Galaxy in Cluster of Galaxies,0.11596,1.587792149,1.502818999
50.043804,41.245618,G   LEDA 2177985   1.165 Gly Distance   1.119 Gyr Light Travel Time,0.25,G,Galaxy,0.0845,1.165358749,1.118877392
49.59088,42.076995,GiC   2MASX J03182179+4204372   1.118 Gly Distance   1.075 Gyr Light Travel Time,0.147,GiC,Galaxy in Cluster of Galaxies,0.08103,1.118379828,1.075494873
50.193908,41.512043,G   SDSS J032046.53+413043.4   1.108 Gly Distance   1.066 Gyr Light Travel Time,0,G,Galaxy,0.08026,1.107944792,1.065839784
49.308494,41.469885,SN*   PTF 10ood   0.825 Gly Distance   0.802 Gyr Light Travel Time,0,SN*,SuperNova,0.0595,0.825198171,0.80158182
49.334194,41.330029,G   LEDA 2179385   0.823 Gly Distance   0.799 Gyr Light Travel Time,0.27,G,Galaxy,0.05933,0.822871646,0.799386049
49.799339,41.132514,G   SDSS J031911.84+410757.0   0.669 Gly Distance   0.654 Gyr Light Travel Time,0,G,Galaxy,0.04813,0.669197328,0.653563942
49.802917,41.510556,GiC   [CGW2003] J031912.7+4130   0.413 Gly Distance   0.407 Gyr Light Travel Time,0,GiC,Galaxy in Cluster of Galaxies,0.029595,0.413169767,0.407135461
49.838333,41.478333,GiC   [CGW2003] J031921.2+4128   0.409 Gly Distance   0.403 Gyr Light Travel Time,0,GiC,Galaxy in Cluster of Galaxies,0.029323,0.409396794,0.403470917
49.046213,41.10187,GiC   LEDA 2175744   0.406 Gly Distance   0.4 Gyr Light Travel Time,0.29,GiC,Galaxy in Cluster of Galaxies,0.02906,0.405748231,0.399926285
49.574981,41.675307,GiC   2MASX J03181800+4140307   0.402 Gly Distance   0.396 Gyr Light Travel Time,0.33,GiC,Galaxy in Cluster of Galaxies,0.02879,0.402002114,0.396285937
49.906115,41.632866,GiC   2MASX J03193743+4137580   0.4 Gly Distance   0.394 Gyr Light Travel Time,0.443,GiC,Galaxy in Cluster of Galaxies,0.02864,0.399920745,0.39426292
49.942083,41.414167,GiC   [CGW2003] J031946.1+4124   0.4 Gly Distance   0.394 Gyr Light Travel Time,0,GiC,Galaxy in Cluster of Galaxies,0.028619,0.399629343,0.393979664
49.775357,41.082538,GiG   2MASX J03190609+4104571   0.396 Gly Distance   0.391 Gyr Light Travel Time,0.503,GiG,Galaxy in Group of Galaxies,0.028392,0.396479245,0.390917258
49.581335,41.855945,GiC   2MASX J03181953+4151218   0.387 Gly Distance   0.381 Gyr Light Travel Time,0.237,GiC,Galaxy in Cluster of Galaxies,0.02768,0.386596709,0.381305441
49.79329,41.1123,PaG   [TKK2018] 1312   0.383 Gly Distance   0.378 Gyr Light Travel Time,0,PaG,Pair of Galaxies,0.02743,0.383125979,0.377928207
49.663788,41.9971,GiC   2MASX J03183928+4159489   0.379 Gly Distance   0.374 Gyr Light Travel Time,0.423,GiC,Galaxy in Cluster of Galaxies,0.02715,0.379238305,0.374144286
49.491728,41.900489,GiC   2MASX J03175803+4154021   0.375 Gly Distance   0.37 Gyr Light Travel Time,0.347,GiC,Galaxy in Cluster of Galaxies,0.02682,0.374655787,0.369682738
49.810774,41.141465,GiG   2MASX J03191458+4108291   0.373 Gly Distance   0.368 Gyr Light Travel Time,0.597,GiG,Galaxy in Group of Galaxies,0.0267,0.372989251,0.368059841
49.779869,41.142639,GiC   2MASX J03190715+4108330   0.368 Gly Distance   0.363 Gyr Light Travel Time,0.34,GiC,Galaxy in Cluster of Galaxies,0.02635,0.368128016,0.363324813
49.864095,41.635268,GiG   UGC  2665   0.361 Gly Distance   0.357 Gyr Light Travel Time,0.617,GiG,Galaxy in Group of Galaxies,0.02587,0.361459957,0.356827244
49.6475,41.667222,GiC   2MFGC 2715   0.361 Gly Distance   0.357 Gyr Light Travel Time,0,GiC,Galaxy in Cluster of Galaxies,0.025852,0.361209877,0.3565835
49.565308,41.857761,GiC   NGC  1265   0.351 Gly Distance   0.347 Gyr Light Travel Time,1.8,GiC,Galaxy in Cluster of Galaxies,0.02514,0.351316241,0.346937053
49.949146,41.596336,GiG   2MASX J03194782+4135472   0.347 Gly Distance   0.343 Gyr Light Travel Time,0.487,GiG,Galaxy in Group of Galaxies,0.02483,0.347007647,0.342734015
49.793333,41.493611,GiC   [CGW2003] J031910.4+4129   0.346 Gly Distance   0.342 Gyr Light Travel Time,0,GiC,Galaxy in Cluster of Galaxies,0.02474,0.345756655,0.341513432
50.137446,41.732381,GiC   2MFGC 2743   0.345 Gly Distance   0.341 Gyr Light Travel Time,0.44,GiC,Galaxy in Cluster of Galaxies,0.024702,0.345228443,0.340998028
49.588958,41.072,GiC   [BM99] 183   0.341 Gly Distance   0.337 Gyr Light Travel Time,0,GiC,Galaxy in Cluster of Galaxies,0.0244,0.341030236,0.336900936
49.265197,41.633585,GiG   2MASX J03170362+4138012   0.338 Gly Distance   0.334 Gyr Light Travel Time,0.807,GiG,Galaxy in Group of Galaxies,0.02418,0.337971587,0.333915195
50.39253,41.506201,GiG   2MASX J03213422+4130219   0.336 Gly Distance   0.332 Gyr Light Travel Time,0.86,GiG,Galaxy in Group of Galaxies,0.02405,0.336164064,0.332150457
49.996051,41.47961,GiG   NGC  1279   0.336 Gly Distance   0.332 Gyr Light Travel Time,0.587,GiG,Galaxy in Group of Galaxies,0.02401,0.335607882,0.331607395
49.686746,41.511435,GiC   2MASX J03184479+4130411   0.335 Gly Distance   0.331 Gyr Light Travel Time,0.273,GiC,Galaxy in Cluster of Galaxies,0.02394,0.334634541,0.330656962
50.087337,41.373735,AGN   2MASX J03202094+4122254   0.331 Gly Distance   0.327 Gyr Light Travel Time,0.423,AGN,Active Galaxy Nucleus,0.02369,0.331158076,0.32726179
50.055269,41.286867,GiC   2MASX J03201328+4117122   0.331 Gly Distance   0.327 Gyr Light Travel Time,0.29,GiC,Galaxy in Cluster of Galaxies,0.02369,0.331158076,0.32726179
50.307083,41.654167,G   [SKM2012] A426 137   0.326 Gly Distance   0.322 Gyr Light Travel Time,0,G,Galaxy,0.023335,0.326220838,0.322438579
50.141388,41.221822,GiC   2MASX J03203393+4113185   0.318 Gly Distance   0.314 Gyr Light Travel Time,0.177,GiC,Galaxy in Cluster of Galaxies,0.02275,0.318083142,0.314485173
50.122342,41.514594,GiC   2MASX J03202936+4130525   0.318 Gly Distance   0.314 Gyr Light Travel Time,0.38,GiC,Galaxy in Cluster of Galaxies,0.02275,0.318083142,0.314485173
50.41654,41.36056,GiG   NGC  1294   0.317 Gly Distance   0.314 Gyr Light Travel Time,1.017,GiG,Galaxy in Group of Galaxies,0.0227,0.317387515,0.313805089
50.064674,41.398642,AGN   NGC  1283   0.313 Gly Distance   0.31 Gyr Light Travel Time,0.637,AGN,Active Galaxy Nucleus,0.02242,0.313491723,0.309995725
49.775,41.438611,GiC   [CGW2003] 16   0.31 Gly Distance   0.307 Gyr Light Travel Time,0,GiC,Galaxy in Cluster of Galaxies,0.022185,0.310221669,0.306797413
49.905289,41.48597,GiC   LEDA   12409   0.31 Gly Distance   0.307 Gyr Light Travel Time,0.287,GiC,Galaxy in Cluster of Galaxies,0.02218,0.31015209,0.306729352
49.568549,41.734898,GiG   2MASX J03181640+4144057   0.308 Gly Distance   0.304 Gyr Light Travel Time,0.547,GiG,Galaxy in Group of Galaxies,0.022,0.307647134,0.304278843
49.371523,41.3756,GiC   MCG+07-07-048   0.306 Gly Distance   0.303 Gyr Light Travel Time,0.583,GiC,Galaxy in Cluster of Galaxies,0.02188,0.305977053,0.302644823
49.880791,41.441429,GiC   SDSS J031931.38+412629.1   0.303 Gly Distance   0.3 Gyr Light Travel Time,0,GiC,Galaxy in Cluster of Galaxies,0.021653,0.302817576,0.299553041
49.593733,41.409754,EmG   2MASX J03182245+4124347   0.301 Gly Distance   0.298 Gyr Light Travel Time,0.667,EmG,Emission-line galaxy,0.02155,0.301383877,0.298149833
50.407541,41.3578,AG?   2MASS J03213780+4121280   0.301 Gly Distance   0.298 Gyr Light Travel Time,0,AG?,Possible Active Galaxy Nucleus,0.021546,0.301328198,0.298095335
49.918969,41.548628,GiG   NGC  1274   0.299 Gly Distance   0.296 Gyr Light Travel Time,0.547,GiG,Galaxy in Group of Galaxies,0.02138,0.299017435,0.295833411
49.249016,41.356572,GiG   UGC  2626   0.294 Gly Distance   0.291 Gyr Light Travel Time,0.81,GiG,Galaxy in Group of Galaxies,0.021,0.293727103,0.290653506
49.066007,41.180728,GiG   UGC  2619   0.293 Gly Distance   0.29 Gyr Light Travel Time,0.67,GiG,Galaxy in Group of Galaxies,0.02095,0.293030941,0.289971732
49.96862,41.549811,GiC   2MASX J03195247+4132592   0.293 Gly Distance   0.29 Gyr Light Travel Time,0.33,GiC,Galaxy in Cluster of Galaxies,0.02092,0.292613236,0.289562644
49.323711,41.42146,GiC   2MASX J03171766+4125172   0.291 Gly Distance   0.288 Gyr Light Travel Time,0.33,GiC,Galaxy in Cluster of Galaxies,0.02083,0.291360089,0.288335276
49.712879,41.392354,AG?   LEDA 2180406   0.289 Gly Distance   0.286 Gyr Light Travel Time,0.227,AG?,Possible Active Galaxy Nucleus,0.02063,0.288575141,0.28560723
49.823996,41.644332,GiG   2MASS J03191776+4138396   0.288 Gly Distance   0.285 Gyr Light Travel Time,0.463,GiG,Galaxy in Group of Galaxies,0.0206,0.288157378,0.285197957
49.917494,41.329191,GiC   2MASX J03194021+4119450   0.286 Gly Distance   0.283 Gyr Light Travel Time,0.353,GiC,Galaxy in Cluster of Galaxies,0.02046,0.286207743,0.283287783
49.366298,41.613004,GiG   2MASX J03172788+4136465   0.286 Gly Distance   0.283 Gyr Light Travel Time,0.513,GiG,Galaxy in Group of Galaxies,0.02041,0.285511416,0.282605486
49.305083,41.650942,GiG   2MASX J03171317+4139032   0.286 Gly Distance   0.283 Gyr Light Travel Time,0.67,GiG,Galaxy in Group of Galaxies,0.02041,0.285511416,0.282605486
49.976958,41.564861,SN*   SN 2016ajf   0.284 Gly Distance   0.281 Gyr Light Travel Time,0,SN*,SuperNova,0.02031,0.284118715,0.281240747
50.23575,41.43892,AG?   LEDA 2181110   0.281 Gly Distance   0.278 Gyr Light Travel Time,0.23,AG?,Possible Active Galaxy Nucleus,0.020104,0.28124956,0.278428774
49.975546,41.563409,GiG   NGC  1278   0.281 Gly Distance   0.278 Gyr Light Travel Time,0.917,GiG,Galaxy in Group of Galaxies,0.0201,0.281193846,0.278374165
49.383289,41.411683,GiC   2MASX J03173200+4124425   0.281 Gly Distance   0.278 Gyr Light Travel Time,0.413,GiC,Galaxy in Cluster of Galaxies,0.020072,0.280803843,0.277991889
49.69749,41.428364,GiC   2MASX J03184738+4125421   0.28 Gly Distance   0.277 Gyr Light Travel Time,0.377,GiC,Galaxy in Cluster of Galaxies,0.02003,0.280218829,0.277418447
50.370026,41.53694,GiG   2MASX J03212883+4132129   0.28 Gly Distance   0.277 Gyr Light Travel Time,0.473,GiG,Galaxy in Group of Galaxies,0.01999,0.279661664,0.27687228
49.797048,41.353188,GiG   NGC  1271   0.279 Gly Distance   0.276 Gyr Light Travel Time,0.567,GiG,Galaxy in Group of Galaxies,0.01993,0.278825897,0.276052972
49.89958,41.151062,GiC   2MASX J03193592+4109041   0.278 Gly Distance   0.276 Gyr Light Travel Time,0.52,GiC,Galaxy in Cluster of Galaxies,0.0199,0.278408005,0.275643292
48.972146,41.323306,GiC   2MASX J03155331+4119242   0.278 Gly Distance   0.276 Gyr Light Travel Time,0.21,GiC,Galaxy in Cluster of Galaxies,0.01989,0.278268707,0.275506728
49.4,41.4,G   [CR71] 14   0.278 Gly Distance   0.275 Gyr Light Travel Time,0,G,Galaxy,0.01987,0.277990108,0.275233594
49.751667,41.483889,GiC   [CGW2003] J031900.4+4129   0.275 Gly Distance   0.273 Gyr Light Travel Time,0,GiC,Galaxy in Cluster of Galaxies,0.019691,0.275496541,0.272788701
49.963528,41.535349,GiC   2MASX J03195122+4132072   0.274 Gly Distance   0.272 Gyr Light Travel Time,0.173,GiC,Galaxy in Cluster of Galaxies,0.019609,0.274354171,0.271668487
49.345081,41.405796,CGG   MLCG 0113   0.274 Gly Distance   0.272 Gyr Light Travel Time,0,CGG,Compact Group of Galaxies,0.0196,0.274228786,0.271545529
50.489521,41.552189,GiC   2MASX J03215746+4133080   0.274 Gly Distance   0.271 Gyr Light Travel Time,0.227,GiC,Galaxy in Cluster of Galaxies,0.019582,0.273978015,0.271299608
49.387006,41.296979,GiC   2MASX J03173289+4117495   0.272 Gly Distance   0.269 Gyr Light Travel Time,0.367,GiC,Galaxy in Cluster of Galaxies,0.01944,0.271999644,0.269359342
49.321961,41.38542,GiG   NGC  1259   0.27 Gly Distance   0.267 Gyr Light Travel Time,0.587,GiG,Galaxy in Group of Galaxies,0.01928,0.269770346,0.267172658
48.990608,41.215971,GiC   2MASX J03155773+4112572   0.269 Gly Distance   0.267 Gyr Light Travel Time,0.467,GiC,Galaxy in Cluster of Galaxies,0.019235,0.269143328,0.266557564
49.524402,41.581358,GiC   LEDA 2183357   0.269 Gly Distance   0.266 Gyr Light Travel Time,0.3,GiC,Galaxy in Cluster of Galaxies,0.01919,0.268516297,0.265942431
49.363457,41.405134,GiG   NGC  1260   0.266 Gly Distance   0.263 Gyr Light Travel Time,0.883,GiG,Galaxy in Group of Galaxies,0.019,0.265868698,0.263344767
49.36275,41.405417,SN*   SN 2006gy   0.266 Gly Distance   0.263 Gyr Light Travel Time,0,SN*,SuperNova,0.019,0.265868698,0.263344767
49.681213,41.072499,GiG   UGC  2656   0.265 Gly Distance   0.263 Gyr Light Travel Time,0.663,GiG,Galaxy in Group of Galaxies,0.01895,0.265171925,0.262661055
49.179078,41.324893,rG   IC  310   0.264 Gly Distance   0.261 Gyr Light Travel Time,0.947,rG,Radio Galaxy,0.01885,0.263778332,0.261293485
49.696041,41.439014,CGG   MLCG 1327   0.263 Gly Distance   0.261 Gyr Light Travel Time,0,CGG,Compact Group of Galaxies,0.0188,0.263081513,0.260609627
49.61525,41.32131,AG?   LEDA 2179260   0.263 Gly Distance   0.26 Gyr Light Travel Time,0.29,AG?,Possible Active Galaxy Nucleus,0.018787,0.262900338,0.260431816
49.76795,41.232832,AG?   GPM  49.767869+41.232968   0.26 Gly Distance   0.258 Gyr Light Travel Time,0.317,AG?,Possible Active Galaxy Nucleus,0.0186063,0.260381892,0.257959904
49.97045,41.608686,GiC   2MASX J03195290+4136312   0.259 Gly Distance   0.257 Gyr Light Travel Time,0.29,GiC,Galaxy in Cluster of Galaxies,0.01853,0.259318427,0.256915956
49.758846,41.619909,GiC   2MASX J03190207+4137121   0.259 Gly Distance   0.257 Gyr Light Travel Time,0.203,GiC,Galaxy in Cluster of Galaxies,0.01851,0.259039662,0.256642294
49.767917,41.233056,GiC   LEDA   12356   0.258 Gly Distance   0.256 Gyr Light Travel Time,0.54,GiC,Galaxy in Cluster of Galaxies,0.018453,0.258245169,0.255862316
49.631966,41.274048,GiC   2MASX J03183170+4116259   0.258 Gly Distance   0.256 Gyr Light Travel Time,0.37,GiC,Galaxy in Cluster of Galaxies,0.01843,0.257924578,0.25554757
49.935609,41.278069,GiG   2MASX J03194454+4116411   0.257 Gly Distance   0.255 Gyr Light Travel Time,0.55,GiG,Galaxy in Group of Galaxies,0.01836,0.256948847,0.254589585
49.906892,41.380303,GiC   2MASX J03193765+4122490   0.257 Gly Distance   0.255 Gyr Light Travel Time,0.173,GiC,Galaxy in Cluster of Galaxies,0.01836,0.256948847,0.254589585
50.119202,41.488835,GiC   2MASX J03202856+4129195   0.254 Gly Distance   0.251 Gyr Light Travel Time,0.353,GiC,Galaxy in Cluster of Galaxies,0.01812,0.253603259,0.25130434
49.843312,41.429342,GiG   2MASX J03192236+4125461   0.253 Gly Distance   0.251 Gyr Light Travel Time,0.543,GiG,Galaxy in Group of Galaxies,0.0181,0.253324444,0.251030519
49.6142,41.5024,ClG   [T2015] nest 200001   0.253 Gly Distance   0.251 Gyr Light Travel Time,0,ClG,Cluster of Galaxies,0.018076,0.252989863,0.250701923
49.63578,41.4658,GrG   [TKK2018] 1340   0.252 Gly Distance   0.25 Gyr Light Travel Time,0,GrG,Group of Galaxies,0.01802,0.25220916,0.249935157
49.429583,41.524167,GrG   [CHM2007] HDC  219   0.252 Gly Distance   0.25 Gyr Light Travel Time,104,GrG,Group of Galaxies,0.017994,0.251846684,0.249579138
49.9482,41.515,ClG   ACO   426   0.251 Gly Distance   0.248 Gyr Light Travel Time,12,ClG,Cluster of Galaxies,0.0179,0.25053616,0.248291881
49.154658,41.789265,GiC   2MASX J03163712+4147215   0.25 Gly Distance   0.248 Gyr Light Travel Time,0.327,GiC,Galaxy in Cluster of Galaxies,0.01788,0.250257318,0.248017975
49.319149,41.38229,SN*   SN 2008L   0.25 Gly Distance   0.247 Gyr Light Travel Time,0,SN*,SuperNova,0.017842,0.249727512,0.247497531
50.19165,41.734928,GiC   2MASX J03204603+4144055   0.25 Gly Distance   0.247 Gyr Light Travel Time,0.423,GiC,Galaxy in Cluster of Galaxies,0.01784,0.249699628,0.247470138
49.861443,41.540486,GiG   NGC  1273   0.25 Gly Distance   0.247 Gyr Light Travel Time,0.69,GiG,Galaxy in Group of Galaxies,0.01784,0.249699628,0.247470138
49.375,41.481667,GrG   LGG  88   0.25 Gly Distance   0.247 Gyr Light Travel Time,0,GrG,Group of Galaxies,0.017838,0.249671743,0.247442746
49.98145,41.52312,GiC   LEDA   12443   0.248 Gly Distance   0.246 Gyr Light Travel Time,0,GiC,Galaxy in Cluster of Galaxies,0.01773,0.248165927,0.245963428
50.211264,41.600414,GiG   NAME NVSS J0320+4136   0.247 Gly Distance   0.245 Gyr Light Travel Time,0.493,GiG,Galaxy in Group of Galaxies,0.01764,0.246911027,0.244730489
49.686298,41.467476,GiG   NGC  1267   0.247 Gly Distance   0.245 Gyr Light Travel Time,0.733,GiG,Galaxy in Group of Galaxies,0.01764,0.246911027,0.244730489
49.957833,41.505167,SN*   SN 2005mz   0.246 Gly Distance   0.244 Gyr Light Travel Time,0,SN*,SuperNova,0.0176,0.246353277,0.244182466
49.363489,41.916591,GiC   2MASX J03172721+4155002   0.246 Gly Distance   0.244 Gyr Light Travel Time,0.353,GiC,Galaxy in Cluster of Galaxies,0.01756,0.245795518,0.243634412
50.003661,41.553773,GiG   LEDA   12451   0.246 Gly Distance   0.243 Gyr Light Travel Time,0.34,GiG,Galaxy in Group of Galaxies,0.01755,0.245656077,0.243497394
49.697005,41.980605,GiC   2MASX J03184727+4158500   0.245 Gly Distance   0.243 Gyr Light Travel Time,0.34,GiC,Galaxy in Cluster of Galaxies,0.01749,0.244819416,0.242675242
49.92479,41.4995,AG?   LEDA   12414   0.244 Gly Distance   0.242 Gyr Light Travel Time,0.28,AG?,Possible Active Galaxy Nucleus,0.017444,0.244177961,0.242044878
49.479796,40.926572,GiC   UGC  2642   0.243 Gly Distance   0.241 Gyr Light Travel Time,0.44,GiC,Galaxy in Cluster of Galaxies,0.01738,0.243285481,0.241167782
50.072449,41.348917,GiC   2MASX J03201737+4120562   0.241 Gly Distance   0.239 Gyr Light Travel Time,0.273,GiC,Galaxy in Cluster of Galaxies,0.0172,0.240775246,0.238700522
50.20542,41.37069,GiC   LEDA   12545   0.241 Gly Distance   0.239 Gyr Light Travel Time,0,GiC,Galaxy in Cluster of Galaxies,0.017196,0.24071946,0.238645687
49.828333,41.442222,GiC   [CGW2003] J031918.8+4126   0.241 Gly Distance   0.239 Gyr Light Travel Time,0,GiC,Galaxy in Cluster of Galaxies,0.017193,0.240677621,0.23860456
49.800119,41.089209,GiG   2MASX J03191203+4105211   0.241 Gly Distance   0.239 Gyr Light Travel Time,0.417,GiG,Galaxy in Group of Galaxies,0.01719,0.240635782,0.238563433
49.9025,41.560556,CGG   RSCG 21   0.238 Gly Distance   0.236 Gyr Light Travel Time,2.5,CGG,Compact Group of Galaxies,0.017,0.237985864,0.235958381
49.6,41.466667,GiC   [CR71] 21   0.238 Gly Distance   0.236 Gyr Light Travel Time,0,GiC,Galaxy in Cluster of Galaxies,0.016999,0.237971916,0.235944669
49.790905,41.083713,GiC   LEDA 3099306   0.237 Gly Distance   0.235 Gyr Light Travel Time,0,GiC,Galaxy in Cluster of Galaxies,0.016952,0.237316376,0.235300152
50.136293,41.50772,GiC   LEDA 3084851   0.237 Gly Distance   0.235 Gyr Light Travel Time,0,GiC,Galaxy in Cluster of Galaxies,0.016904,0.236646874,0.234641877
50.133678,41.758463,GiC   2MASX J03203209+4145305   0.236 Gly Distance   0.234 Gyr Light Travel Time,0.35,GiC,Galaxy in Cluster of Galaxies,0.01689,0.2364516,0.234449872
49.366267,41.487919,GiC   2MASX J03172790+4129165   0.236 Gly Distance   0.234 Gyr Light Travel Time,0.537,GiC,Galaxy in Cluster of Galaxies,0.01684,0.235754182,0.233764108
49.950667,41.511697,Sy2   3C  84   0.235 Gly Distance   0.233 Gyr Light Travel Time,2.63,Sy2,Seyfert 2 Galaxy,0.01681333,0.235382174,0.233398302
49.964523,41.573593,GiG   NGC  1277   0.235 Gly Distance   0.233 Gyr Light Travel Time,0.68,GiG,Galaxy in Group of Galaxies,0.01681,0.235335725,0.233352626
50.259288,41.409464,GiG   2MASX J03210223+4124339   0.234 Gly Distance   0.232 Gyr Light Travel Time,0.437,GiG,Galaxy in Group of Galaxies,0.01672,0.234080319,0.232118076
50.240855,41.506337,GiG   2MASX J03205776+4130229   0.233 Gly Distance   0.231 Gyr Light Travel Time,0.397,GiG,Galaxy in Group of Galaxies,0.01666,0.233243355,0.231294954
49.306743,41.435517,GiC   2MASX J03171358+4126082   0.233 Gly Distance   0.231 Gyr Light Travel Time,0.29,GiC,Galaxy in Cluster of Galaxies,0.01664,0.232964361,0.231020565
49.587293,41.463508,GiC   2MASX J03182094+4127487   0.232 Gly Distance   0.23 Gyr Light Travel Time,0.57,GiC,Galaxy in Cluster of Galaxies,0.016592,0.232294768,0.230361999
49.114687,41.627021,GiG   2MASX J03162752+4137377   0.232 Gly Distance   0.23 Gyr Light Travel Time,0.503,GiG,Galaxy in Group of Galaxies,0.01658,0.232127368,0.23019735
49.742097,41.47013,GiG   NGC  1270   0.232 Gly Distance   0.23 Gyr Light Travel Time,0.75,GiG,Galaxy in Group of Galaxies,0.01657,0.231987867,0.230060141
49.535059,41.754377,GiG   IC  312   0.231 Gly Distance   0.229 Gyr Light Travel Time,0.94,GiG,Galaxy in Group of Galaxies,0.0165,0.231011342,0.229099621
50.205486,41.370679,GiG   2MASS J03204930+4122144   0.231 Gly Distance   0.229 Gyr Light Travel Time,0.593,GiG,Galaxy in Group of Galaxies,0.01649,0.230871836,0.228962396
49.489886,41.497291,GiC   2MASX J03175762+4129496   0.23 Gly Distance   0.228 Gyr Light Travel Time,0.377,GiC,Galaxy in Cluster of Galaxies,0.01643,0.230034787,0.228139005
49.108823,41.53037,GiG   UGC  2621   0.23 Gly Distance   0.228 Gyr Light Travel Time,1.21,GiG,Galaxy in Group of Galaxies,0.0164,0.229616254,0.227727284
49.980017,41.172581,GiC   2MASX J03195520+4110212   0.229 Gly Distance   0.227 Gyr Light Travel Time,0.213,GiC,Galaxy in Cluster of Galaxies,0.01635,0.228918688,0.227041042
50.242878,41.556217,CGG   MLCG 1329   0.228 Gly Distance   0.226 Gyr Light Travel Time,0,CGG,Compact Group of Galaxies,0.0163,0.228221106,0.226354752
50.286929,41.253025,GiC   2MASX J03210882+4115109   0.227 Gly Distance   0.225 Gyr Light Travel Time,0.33,GiC,Galaxy in Cluster of Galaxies,0.01621,0.22696542,0.225119306
50.286667,41.252778,SN*   [GBM2015] SDSS 1665-52976-155 SN   0.227 Gly Distance   0.225 Gyr Light Travel Time,0,SN*,SuperNova,0.01621,0.22696542,0.225119306
49.554485,41.802425,AG?   2MASS J03181307+4148087   0.226 Gly Distance   0.224 Gyr Light Travel Time,0,AG?,Possible Active Galaxy Nucleus,0.01613,0.225849214,0.224021
50.01138,41.50931,AG?   LEDA   12450   0.225 Gly Distance   0.224 Gyr Light Travel Time,0.34,AG?,Possible Active Galaxy Nucleus,0.0161,0.225430626,0.223609103
49.941107,41.976414,GiG   2MASX J03194584+4158352   0.224 Gly Distance   0.223 Gyr Light Travel Time,0.447,GiG,Galaxy in Group of Galaxies,0.01603,0.224453901,0.222647941
50.267643,41.555614,AG?   LEDA   12568   0.223 Gly Distance   0.221 Gyr Light Travel Time,0.273,AG?,Possible Active Galaxy Nucleus,0.015911,0.222793399,0.221013747
50.251718,41.562454,GiG   2MASX J03210041+4133449   0.22 Gly Distance   0.218 Gyr Light Travel Time,0.513,GiG,Galaxy in Group of Galaxies,0.0157,0.219848936,0.218115463
49.375,41.483333,GiC   [CR71] 11   0.218 Gly Distance   0.217 Gyr Light Travel Time,0,GiC,Galaxy in Cluster of Galaxies,0.0156,0.218453361,0.216741565
49.976526,42.014622,GiC   2MASX J03195440+4200526   0.218 Gly Distance   0.216 Gyr Light Travel Time,0.557,GiC,Galaxy in Cluster of Galaxies,0.01557,0.218034677,0.216329358
48.966763,41.857303,GiG   UGC  2616   0.216 Gly Distance   0.215 Gyr Light Travel Time,0.617,GiG,Galaxy in Group of Galaxies,0.01545,0.216359884,0.214680352
49.653651,41.019212,GiC   LEDA 2174412   0.216 Gly Distance   0.214 Gyr Light Travel Time,0.293,GiC,Galaxy in Cluster of Galaxies,0.01542,0.215941172,0.214268057
49.764616,41.974144,GiC   2MASX J03190350+4158269   0.215 Gly Distance   0.213 Gyr Light Travel Time,0.357,GiC,Galaxy in Cluster of Galaxies,0.01533,0.214685004,0.213031065
50.336819,41.460042,GiG   2MASX J03212081+4127359   0.214 Gly Distance   0.212 Gyr Light Travel Time,0.62,GiG,Galaxy in Group of Galaxies,0.01528,0.213987112,0.212343779
49.944935,41.270381,GiC   2MASX J03194676+4116132   0.214 Gly Distance   0.212 Gyr Light Travel Time,0.263,GiC,Galaxy in Cluster of Galaxies,0.01527,0.213847531,0.212206316
49.964539,41.27552,CGG   MLCG 1328   0.211 Gly Distance   0.21 Gyr Light Travel Time,0,CGG,Compact Group of Galaxies,0.0151,0.211474572,0.209869145
50.12879,41.508946,GiG   2MASX J03203087+4130325   0.211 Gly Distance   0.21 Gyr Light Travel Time,0.52,GiG,Galaxy in Group of Galaxies,0.01509,0.211334981,0.209731647
49.112682,41.18021,GiC   2MASXI J0316270+411048   0.21 Gly Distance   0.208 Gyr Light Travel Time,0.323,GiC,Galaxy in Cluster of Galaxies,0.01498,0.209799436,0.208219038
49.892659,41.580508,GiG   IC 1907   0.21 Gly Distance   0.208 Gyr Light Travel Time,0.643,GiG,Galaxy in Group of Galaxies,0.01497,0.209659837,0.208081516
50.241317,41.893839,GiG   IC  313   0.206 Gly Distance   0.204 Gyr Light Travel Time,0.713,GiG,Galaxy in Group of Galaxies,0.0147,0.205890444,0.204367692
50.006829,41.251148,GiG   UGC  2673   0.206 Gly Distance   0.204 Gyr Light Travel Time,0.807,GiG,Galaxy in Group of Galaxies,0.01468,0.205611212,0.204092537
49.935963,41.446462,GiC   2MASX J03194466+4126472   0.205 Gly Distance   0.204 Gyr Light Travel Time,0.213,GiC,Galaxy in Cluster of Galaxies,0.014644,0.205108589,0.203597238
49.46289,41.450802,GiG   2MASX J03175112+4127024   0.204 Gly Distance   0.203 Gyr Light Travel Time,0.563,GiG,Galaxy in Group of Galaxies,0.0146,0.20449426,0.202991839
49.21344,41.255754,GiC   2MASX J03165120+4115212   0.204 Gly Distance   0.202 Gyr Light Travel Time,0.32,GiC,Galaxy in Cluster of Galaxies,0.01454,0.20365652,0.202166234
49.740583,41.703111,GiC   LEDA   12352   0.202 Gly Distance   0.201 Gyr Light Travel Time,0,GiC,Galaxy in Cluster of Galaxies,0.014424,0.202036828,0.200569864
49.662163,41.668942,GiC   2MASX J03183887+4140080   0.201 Gly Distance   0.2 Gyr Light Travel Time,0.403,GiC,Galaxy in Cluster of Galaxies,0.01435,0.201003533,0.199551352
49.76006,41.550216,GiC   LEDA   12353   0.198 Gly Distance   0.197 Gyr Light Travel Time,0.68,GiC,Galaxy in Cluster of Galaxies,0.01413,0.197931379,0.196522712
50.025477,41.629985,GiG   NGC  1281   0.197 Gly Distance   0.196 Gyr Light Travel Time,0.587,GiG,Galaxy in Group of Galaxies,0.01408,0.197233121,0.195834253
50.030143,41.832802,GiC   2MASX J03200718+4149583   0.197 Gly Distance   0.196 Gyr Light Travel Time,0.443,GiC,Galaxy in Cluster of Galaxies,0.01407,0.197093467,0.195696555
49.742786,41.70237,GiG   2MASX J03185824+4142091   0.197 Gly Distance   0.196 Gyr Light Travel Time,0.473,GiG,Galaxy in Group of Galaxies,0.01407,0.197093467,0.195696555
49.502925,41.299089,GiC   2MASX J03180070+4117567   0.197 Gly Distance   0.195 Gyr Light Travel Time,0.24,GiC,Galaxy in Cluster of Galaxies,0.01404,0.196674503,0.19528345
49.726902,41.803033,GiC   2MASX J03185439+4148111   0.196 Gly Distance   0.195 Gyr Light Travel Time,0.407,GiC,Galaxy in Cluster of Galaxies,0.014,0.196115876,0.194732616
49.595772,41.268897,GiC   2MASX J03182297+4116077   0.196 Gly Distance   0.195 Gyr Light Travel Time,0.323,GiC,Galaxy in Cluster of Galaxies,0.013998,0.196087945,0.194705073
49.507351,41.592685,GiC   2MASX J03180178+4135337   0.196 Gly Distance   0.194 Gyr Light Travel Time,0.373,GiC,Galaxy in Cluster of Galaxies,0.01398,0.195836559,0.194457187
49.862516,41.454616,GiC   SDSS J031927.00+412716.6   0.195 Gly Distance   0.194 Gyr Light Travel Time,0,GiC,Galaxy in Cluster of Galaxies,0.013943,0.195319816,0.193947623
50.401914,41.392812,GiG   NGC  1293   0.192 Gly Distance   0.191 Gyr Light Travel Time,0.747,GiG,Galaxy in Group of Galaxies,0.01374,0.192484563,0.19115143
49.741501,41.635049,GiC   2MASX J03185797+4138061   0.191 Gly Distance   0.19 Gyr Light Travel Time,0.323,GiC,Galaxy in Cluster of Galaxies,0.01364,0.191087794,0.189773698
49.143612,41.047526,GiC   2MASXI J0316344+410250   0.189 Gly Distance   0.187 Gyr Light Travel Time,0.343,GiC,Galaxy in Cluster of Galaxies,0.01347,0.188713148,0.187431104
50.25583,41.43444,AG?   2MASX J03210142+4126039   0.187 Gly Distance   0.186 Gyr Light Travel Time,0,AG?,Possible Active Galaxy Nucleus,0.013347,0.186994912,0.185735815
49.922792,41.445731,GiC   LEDA 3084798   0.185 Gly Distance   0.184 Gyr Light Travel Time,0,GiC,Galaxy in Cluster of Galaxies,0.013189,0.184787611,0.183557692
50.091771,41.640689,GiC   MCG+07-07-070   0.183 Gly Distance   0.181 Gyr Light Travel Time,0.267,GiC,Galaxy in Cluster of Galaxies,0.01303,0.182566188,0.181365289
49.932575,41.456984,GiC   LEDA 2181376   0.183 Gly Distance   0.181 Gyr Light Travel Time,0.24,GiC,Galaxy in Cluster of Galaxies,0.01303,0.182566188,0.181365289
49.144875,41.04825,SN*   PTF 11gdz   0.182 Gly Distance   0.181 Gyr Light Travel Time,0,SN*,SuperNova,0.013,0.182147034,0.180951573
50.380276,41.547454,AG?   SDSS J032131.26+413250.8   0.18 Gly Distance   0.179 Gyr Light Travel Time,0,AG?,Possible Active Galaxy Nucleus,0.01288,0.180470364,0.17929653
49.838837,41.490447,SN*   SN 2016arc   0.178 Gly Distance   0.177 Gyr Light Travel Time,0,SN*,SuperNova,0.01273,0.178374403,0.177227329
49.83875,41.490592,GiG   NGC  1272   0.178 Gly Distance   0.177 Gyr Light Travel Time,1.2,GiG,Galaxy in Group of Galaxies,0.0127,0.177955195,0.176813436
49.769338,41.468578,GiC   2MASX J03190463+4128071   0.178 Gly Distance   0.176 Gyr Light Travel Time,0.363,GiC,Galaxy in Cluster of Galaxies,0.012676,0.177619824,0.176482308
49.46015,41.967633,GiG   UGC  2639   0.177 Gly Distance   0.175 Gyr Light Travel Time,0.933,GiG,Galaxy in Group of Galaxies,0.0126,0.176557793,0.175433664
50.091792,41.642639,ev   AT 2018kle   0.175 Gly Distance   0.174 Gyr Light Travel Time,0,ev,transient event,0.0125,0.175160331,0.174053696
50.175765,41.403966,GiC   2MASX J03204218+4124145   0.175 Gly Distance   0.174 Gyr Light Travel Time,0.427,GiC,Galaxy in Cluster of Galaxies,0.01249,0.175020581,0.173915689
49.258329,41.632948,AG?   SDSS J031701.99+413758.6   0.174 Gly Distance   0.173 Gyr Light Travel Time,0,AG?,Possible Active Galaxy Nucleus,0.01239,0.173623052,0.172535505
49.970713,41.302366,GiG   2MASX J03195296+4118082   0.17 Gly Distance   0.169 Gyr Light Travel Time,0.583,GiG,Galaxy in Group of Galaxies,0.0121,0.169569874,0.168531861
49.928693,41.600714,GiC   2MASX J03194292+4136031   0.165 Gly Distance   0.164 Gyr Light Travel Time,0.23,GiC,Galaxy in Cluster of Galaxies,0.0118,0.165376393,0.164388421
49.578798,41.469269,GiC   2MASX J03181889+4128097   0.165 Gly Distance   0.164 Gyr Light Travel Time,0.347,GiC,Galaxy in Cluster of Galaxies,0.01179,0.165236601,0.164250276
49.9525,41.557944,GiC   [CGW2003] 54   0.158 Gly Distance   0.157 Gyr Light Travel Time,0,GiC,Galaxy in Cluster of Galaxies,0.011281,0.158120379,0.157216092
49.649753,41.47721,GiG   2MASX J03183598+4128380   0.153 Gly Distance   0.152 Gyr Light Travel Time,0.637,GiG,Galaxy in Group of Galaxies,0.0109,0.152792668,0.151947483
49.688178,41.488747,GiG   NGC  1268   0.151 Gly Distance   0.15 Gyr Light Travel Time,0.623,GiG,Galaxy in Group of Galaxies,0.01075,0.150694902,0.149872443
50.137426,41.574128,AG?   LEDA   12519   0.149 Gly Distance   0.148 Gyr Light Travel Time,0.28,AG?,Possible Active Galaxy Nucleus,0.010607,0.148694905,0.147893825
49.92375,41.488056,GiC   [CGW2003] J031941.7+4129   0.147 Gly Distance   0.146 Gyr Light Travel Time,0,GiC,Galaxy in Cluster of Galaxies,0.010462,0.146666808,0.145887124
49.683875,41.482528,SN*   SN 2008fg   0.146 Gly Distance   0.145 Gyr Light Travel Time,0,SN*,SuperNova,0.0104,0.145799583,0.145028959
50.077667,41.362222,SN*   SN 2008fh   0.14 Gly Distance   0.139 Gyr Light Travel Time,0,SN*,SuperNova,0.01,0.140204022,0.139490594
49.93125,41.481389,GiC   [CGW2003] J031943.5+4128   0.136 Gly Distance   0.135 Gyr Light Travel Time,0,GiC,Galaxy in Cluster of Galaxies,0.009673,0.13562893,0.134960635
50.050434,41.366973,GiC   NGC  1282   0.104 Gly Distance   0.103 Gyr Light Travel Time,0.833,GiC,Galaxy in Cluster of Galaxies,0.0074,0.103809211,0.103414196
50.0422,41.351148,GiC   LEDA   12468   0.097 Gly Distance   0.097 Gyr Light Travel Time,0,GiC,Galaxy in Cluster of Galaxies,0.006925,0.097155731,0.096808863
50.493735,41.579394,G   SDSS J032158.49+413445.8,0,G,Galaxy,0,0,0
50.472021,41.561291,G   SDSS J032153.28+413340.6,0,G,Galaxy,0,0,0
50.4397,41.541961,GiC   2MASX J03214552+4132310,0.253,GiC,Galaxy in Cluster of Galaxies,0,0,0
50.438397,41.378853,G   SDSS J032145.21+412243.8,0,G,Galaxy,0,0,0
50.422417,41.24725,SN?   HSC-SN 14s,0,SN?,SuperNova Candidate,0,0,0
50.410395,41.228848,G   SDSS J032138.49+411343.8,0,G,Galaxy,0,0,0
50.407882,41.381582,G   SDSS J032137.89+412253.6,0,G,Galaxy,0,0,0
50.399573,41.699541,G   SDSS J032135.89+414158.3,0,G,Galaxy,0,0,0
50.390796,41.631018,G   SDSS J032133.79+413751.6,0,G,Galaxy,0,0,0
50.390199,41.300912,GiC   2MASX J03213365+4118030,0.183,GiC,Galaxy in Cluster of Galaxies,0,0,0
50.365954,41.382492,GiC   2MASX J03212782+4122569,0.167,GiC,Galaxy in Cluster of Galaxies,0,0,0
50.352396,41.651661,GiC   2MASX J03212457+4139059,0.197,GiC,Galaxy in Cluster of Galaxies,0,0,0
50.33072,41.415648,G   SDSS J032119.37+412456.3,0,G,Galaxy,0,0,0
50.307442,41.336089,G   SDSS J032113.78+412009.9,0,G,Galaxy,0,0,0
50.286418,41.638496,G   SDSS J032108.74+413818.5,0,G,Galaxy,0,0,0
50.275284,41.536781,G   SDSS J032106.06+413212.4,0,G,Galaxy,0,0,0
50.267552,41.796628,G   SDSS J032104.21+414747.8,0,G,Galaxy,0,0,0
50.25634,41.78764,AG?   2XMM J032101.5+414715,0,AG?,Possible Active Galaxy Nucleus,0,0,0
50.25208,41.16888,G   [MRS2020] 849,0,G,Galaxy,0,0,0
50.245064,41.609408,G   SDSS J032058.81+413633.8,0,G,Galaxy,0,0,0
50.227533,41.263608,G   SDSS J032054.60+411548.9,0,G,Galaxy,0,0,0
50.225054,41.790242,GiC   2MASX J03205401+4147248,0.22,GiC,Galaxy in Cluster of Galaxies,0,0,0
50.223171,41.724744,G   Gaia DR3 239437765261517440,0.061,G,Galaxy,0,0,0
50.209259,41.907025,G   SDSS J032050.22+415425.2,0,G,Galaxy,0,0,0
50.206484,41.631672,G   SDSS J032049.55+413754.0,0,G,Galaxy,0,0,0
50.200625,41.133167,SN?   HSC-SN 14q,0,SN?,SuperNova Candidate,0,0,0
50.196912,41.450687,G   SDSS J032047.25+412702.4,0,G,Galaxy,0,0,0
50.194377,41.102371,G   SDSS J032046.65+410608.5,0,G,Galaxy,0,0,0
50.193112,41.600514,G   SDSS J032046.34+413601.8,0,G,Galaxy,0,0,0
50.179144,41.044284,G   SDSS J032042.99+410239.4,0,G,Galaxy,0,0,0
50.168333,41.517778,GiC   LEDA 2182340,0.26,GiC,Galaxy in Cluster of Galaxies,0,0,0
50.168333,41.575278,GiC   LEDA 2183270,0.33,GiC,Galaxy in Cluster of Galaxies,0,0,0
50.165061,42.011955,G   SDSS J032039.61+420043.0,0,G,Galaxy,0,0,0
50.162417,41.451275,GiC   2MASX J03203897+4127045,0.213,GiC,Galaxy in Cluster of Galaxies,0,0,0
50.162155,41.772875,G   SDSS J032038.91+414622.3,0,G,Galaxy,0,0,0
50.160346,41.157651,GiC   SDSS J032038.48+410927.5,0,GiC,Galaxy in Cluster of Galaxies,0,0,0
50.155202,41.704818,G   SDSS J032037.24+414217.3,0,G,Galaxy,0,0,0
50.152805,41.133253,G   SDSS J032036.67+410759.7,0,G,Galaxy,0,0,0
50.141699,41.379626,G   SDSS J032034.00+412246.6,0,G,Galaxy,0,0,0
50.136484,41.137271,GiC   SDSS J032032.75+410814.1,0,GiC,Galaxy in Cluster of Galaxies,0,0,0
50.130917,41.511361,SN*   SN 2016eqa,0,SN*,SuperNova,0,0,0
50.130558,41.390064,G   SDSS J032031.33+412324.2,0,G,Galaxy,0,0,0
50.127392,41.180427,G   SDSS J032030.57+411049.5,0,G,Galaxy,0,0,0
50.114474,41.269284,G   SDSS J032027.47+411609.4,0,G,Galaxy,0,0,0
50.109292,41.653722,SN?   HSC-SN 14p,0,SN?,SuperNova Candidate,0,0,0
50.105,41.21666,G   [MRS2020] 772,0,G,Galaxy,0,0,0
50.098722,41.862742,G   SDSS J032023.69+415145.8,0,G,Galaxy,0,0,0
50.095908,41.633103,gam   1FAV J0320+41,0,gam,gamma-ray source,0,0,0
50.093305,41.349595,G   SDSS J032022.39+412058.5,0,G,Galaxy,0,0,0
50.08061,41.536229,G   SDSS J032019.34+413210.4,0,G,Galaxy,0,0,0
50.079897,41.71189,GiC   SDSS J032019.17+414242.8,0,GiC,Galaxy in Cluster of Galaxies,0,0,0
50.075,41.361667,?   Anon J032018+4121,0,?,Object of unknown nature,0,0,0
50.067134,41.482628,GiC   SDSS J032016.11+412857.4,0,GiC,Galaxy in Cluster of Galaxies,0,0,0
50.061517,41.544036,G   SDSS J032014.76+413238.5,0,G,Galaxy,0,0,0
50.049381,41.857912,GiC   SDSS J032011.85+415128.4,0,GiC,Galaxy in Cluster of Galaxies,0,0,0
50.047742,42.012714,GiC   2MASX J03201145+4200457,0.253,GiC,Galaxy in Cluster of Galaxies,0,0,0
50.04458,41.91972,G   [MRS2020] 744,0,G,Galaxy,0,0,0
50.037643,41.817285,G   SDSS J032009.03+414902.2,0,G,Galaxy,0,0,0
50.025874,42.004413,G   SDSS J032006.20+420015.8,0,G,Galaxy,0,0,0
50.02017,42.014849,G   SDSS J032004.84+420053.4,0,G,Galaxy,0,0,0
50.018618,42.039994,G   SDSS J032004.46+420223.9,0,G,Galaxy,0,0,0
50.015993,41.057654,G   SDSS J032003.83+410327.5,0,G,Galaxy,0,0,0
50.0125,41.135,IR   [WOB93] 03167+4057,0,IR,Infra-Red source,0,0,0
50,41.1,sh   GSH 151-14+10,0,sh,HI shell,0,0,0
49.99475,41.498639,G   [PFC2012] UCD40,0,G,Galaxy,0,0,0
49.994725,41.750034,G   SDSS J031958.73+414500.1,0,G,Galaxy,0,0,0
49.99333,41.54777,G   [MRS2020] 719,0,G,Galaxy,0,0,0
49.987067,41.797028,GiC   2MASX J03195689+4147493,0.187,GiC,Galaxy in Cluster of Galaxies,0,0,0
49.980833,41.417778,GiC   [CGW2003] J031955.4+4125,0,GiC,Galaxy in Cluster of Galaxies,0,0,0
49.969958,41.504444,G   [PFC2012] UCD29,0,G,Galaxy,0,0,0
49.966667,41.51,G   LJHY  72,0,G,Galaxy,0,0,0
49.964292,41.504806,G   [PFC2012] UCD25,0,G,Galaxy,0,0,0
49.96374,41.30972,G   [MRS2020] 698,0,G,Galaxy,0,0,0
49.958958,41.487306,G   [PFC2012] UCD23,0,G,Galaxy,0,0,0
49.958542,41.535806,G   [PFC2012] UCD21,0,G,Galaxy,0,0,0
49.958167,41.522667,G   [PFC2012] UCD19,0,G,Galaxy,0,0,0
49.957375,41.511472,PoG   [HCF2005] Region D,0,PoG,Part of a Galaxy,0,0,0
49.957375,41.512,PoG   [HCF2005] Region C,0,PoG,Part of a Galaxy,0,0,0
49.957331,41.329783,G   SDSS J031949.75+411947.2,0,G,Galaxy,0,0,0
49.957292,41.512556,PoG   [HCF2005] Region B,0,PoG,Part of a Galaxy,0,0,0
49.954167,41.503333,SN*   SN 1968A,0,SN*,SuperNova,0,0,0
49.954167,41.513333,PoG   [KWG92] A,0,PoG,Part of a Galaxy,0,0,0
49.95375,41.58333,G   [MRS2020] J031948.9+413500,0,G,Galaxy,0,0,0
49.952333,41.521611,G   [PFC2012] UCD17,0,G,Galaxy,0,0,0
49.94739,41.96356,AG?   2XMM J031947.4+415749,0,AG?,Possible Active Galaxy Nucleus,0,0,0
49.94511,41.48853,GrG   [TKT2016] 232,0,GrG,Group of Galaxies,0,0,0
49.944918,41.529254,G   2MASS J03194677+4131453,0,G,Galaxy,0,0,0
49.942792,41.626583,AG?   2XMM J031946.1+413735,0,AG?,Possible Active Galaxy Nucleus,0,0,0
49.940417,41.538333,GiC   [CGW2003] J031945.7+4132,0,GiC,Galaxy in Cluster of Galaxies,0,0,0
49.940375,41.496389,PoG   [HCF2005] SW1 knot,0,PoG,Part of a Galaxy,0,0,0
49.938417,41.525722,PoG   [HCF2005] Horseshoe knot,0,PoG,Part of a Galaxy,0,0,0
49.938042,41.535,G   [PFC2012] UCD13,0,G,Galaxy,0,0,0
49.937375,41.496917,PoG   [HCF2005] SW2 knot,0,PoG,Part of a Galaxy,0,0,0
49.932083,41.524167,PoG   NAME Perseus Horseshoe,0,PoG,Part of a Galaxy,0,0,0
49.92625,41.571389,GiC   [CGW2003] J031942.3+4134,0,GiC,Galaxy in Cluster of Galaxies,0,0,0
49.925,41.633333,SN*   SN 1975B,0,SN*,SuperNova,0,0,0
49.923333,41.535528,G   [PFC2012] UCD9,0,G,Galaxy,0,0,0
49.920958,41.536417,G   [PFC2012] UCD7,0,G,Galaxy,0,0,0
49.915792,41.504778,G   [PFC2012] UCD2,0,G,Galaxy,0,0,0
49.915417,41.444167,GiC   [CGW2003] J031939.7+4126,0,GiC,Galaxy in Cluster of Galaxies,0,0,0
49.915,41.51777,G   [MRS2020] 674,0,G,Galaxy,0,0,0
49.910833,41.562778,GiC   [CGW2003] J031938.6+4133,0,GiC,Galaxy in Cluster of Galaxies,0,0,0
49.906833,41.4955,G   [PFC2012] UCD1,0,G,Galaxy,0,0,0
49.904755,41.064804,GiC   SDSS J031937.14+410353.2,0,GiC,Galaxy in Cluster of Galaxies,0,0,0
49.90375,41.171111,GiC   LEDA 2176811,0.31,GiC,Galaxy in Cluster of Galaxies,0,0,0
49.9,41.530556,G   JCMTSF J031936.6+413150,0,G,Galaxy,0,0,0
49.890162,41.553565,G   SDSS J031933.63+413312.8,0,G,Galaxy,0,0,0
49.889583,41.410833,GiC   [CGW2003] J031933.5+4124,0,GiC,Galaxy in Cluster of Galaxies,0,0,0
49.888792,41.576194,G   [PFC2012] UCD65,0,G,Galaxy,0,0,0
49.882083,41.5225,GiC   [CGW2003] J031931.7+4131,0,GiC,Galaxy in Cluster of Galaxies,0,0,0
49.870437,41.02141,G   SDSS J031928.90+410117.0,0,G,Galaxy,0,0,0
49.867917,41.575,G   [PFC2012] UCD60,0,G,Galaxy,0,0,0
49.862661,41.608148,G   SDSS J031927.03+413629.3,0,G,Galaxy,0,0,0
49.862528,41.623422,G   SDSS J031927.00+413724.3,0,G,Galaxy,0,0,0
49.854574,41.231162,G   SDSS J031925.09+411352.1,0,G,Galaxy,0,0,0
49.852917,41.431389,GiC   [CGW2003] J031924.7+4125,0,GiC,Galaxy in Cluster of Galaxies,0,0,0
49.852917,41.41,GiC   [CGW2003] J031924.7+4124,0,GiC,Galaxy in Cluster of Galaxies,0,0,0
49.8525,41.431389,GiC   [CGW2003] J031924.6+4125,0,GiC,Galaxy in Cluster of Galaxies,0,0,0
49.849494,41.692412,GiC   LEDA 2185245,0.33,GiC,Galaxy in Cluster of Galaxies,0,0,0
49.849094,41.097976,G   SDSS J031923.78+410552.7,0,G,Galaxy,0,0,0
49.846097,41.491167,G   SDSS J031923.05+412928.1,0,G,Galaxy,0,0,0
49.843333,41.401111,GiC   [CGW2003] J031922.4+4124,0,GiC,Galaxy in Cluster of Galaxies,0,0,0
49.842083,41.4075,GiC   [CGW2003] J031922.1+4124,0,GiC,Galaxy in Cluster of Galaxies,0,0,0
49.83375,41.401944,GiC   [CGW2003] J031920.1+4124,0,GiC,Galaxy in Cluster of Galaxies,0,0,0
49.829126,41.904962,G   SDSS J031918.99+415417.8,0,G,Galaxy,0,0,0
49.825,41.406944,GiC   [CGW2003] 28,0,GiC,Galaxy in Cluster of Galaxies,0,0,0
49.823613,41.376999,G   SDSS J031917.66+412237.1,0,G,Galaxy,0,0,0
49.822083,41.581944,GiC   [CGW2003] J031917.3+4134,0,GiC,Galaxy in Cluster of Galaxies,0,0,0
49.812646,41.231299,G   SDSS J031915.03+411352.6,0,G,Galaxy,0,0,0
49.812083,41.5075,GiC   [CGW2003] J031914.9+4130,0,GiC,Galaxy in Cluster of Galaxies,0,0,0
49.804167,41.581111,GiC   [CGW2003] 22,0,GiC,Galaxy in Cluster of Galaxies,0,0,0
49.792561,41.678133,G   SDSS J031910.21+414041.2,0,G,Galaxy,0,0,0
49.790509,40.943912,G   SDSS J031909.72+405638.0,0,G,Galaxy,0,0,0
49.787148,42.13902,G   SDSS J031908.91+420820.4,0,G,Galaxy,0,0,0
49.786257,41.126914,G   SDSS J031908.70+410736.8,0,G,Galaxy,0,0,0
49.785213,41.581111,GiC   LEDA 2183354,0.27,GiC,Galaxy in Cluster of Galaxies,0,0,0
49.783333,41.358333,G   EQ 031550+411035,0,G,Galaxy,0,0,0
49.783333,41.358333,G   LJHY  70,0,G,Galaxy,0,0,0
49.782598,41.412733,G   SDSS J031907.82+412445.8,0,G,Galaxy,0,0,0
49.781662,41.252343,G   SDSS J031907.59+411508.4,0,G,Galaxy,0,0,0
49.778333,41.444722,GiC   [CGW2003] J031906.8+4126,0,GiC,Galaxy in Cluster of Galaxies,0,0,0
49.771667,41.418611,GiC   [CGW2003] J031905.2+4125,0,GiC,Galaxy in Cluster of Galaxies,0,0,0
49.771667,41.58,GiC   [CGW2003] J031905.2+4134,0,GiC,Galaxy in Cluster of Galaxies,0,0,0
49.769583,41.540278,GiC   [CGW2003] J031904.7+4132,0,GiC,Galaxy in Cluster of Galaxies,0,0,0
49.7675,41.589167,GiC   [CGW2003] J031904.2+4135,0,GiC,Galaxy in Cluster of Galaxies,0,0,0
49.764583,41.587222,GiC   [CGW2003] J031903.5+4135,0,GiC,Galaxy in Cluster of Galaxies,0,0,0
49.7625,41.19416,G   [MRS2020] 609,0,G,Galaxy,0,0,0
49.762433,41.504295,GiC   LEDA 2182115,0.3,GiC,Galaxy in Cluster of Galaxies,0,0,0
49.760077,42.122564,GiC   LEDA 2192800,0.26,GiC,Galaxy in Cluster of Galaxies,0,0,0
49.749167,41.510278,GiC   [CGW2003] J031859.8+4130,0,GiC,Galaxy in Cluster of Galaxies,0,0,0
49.74875,41.444444,GiC   [CGW2003] J031859.7+4126,0,GiC,Galaxy in Cluster of Galaxies,0,0,0
49.745417,41.320873,GiC   SDSS J031858.90+411915.1,0,GiC,Galaxy in Cluster of Galaxies,0,0,0
49.740833,41.416111,GiC   [CGW2003] J031857.8+4124,0,GiC,Galaxy in Cluster of Galaxies,0,0,0
49.734913,40.929104,G   SDSS J031856.37+405544.7,0,G,Galaxy,0,0,0
49.734251,40.914385,G   SDSS J031856.22+405451.7,0,G,Galaxy,0,0,0
49.733335,41.578747,G   SDSS J031856.00+413443.4,0,G,Galaxy,0,0,0
49.732083,41.431667,GiC   [CGW2003] J031855.7+4125,0,GiC,Galaxy in Cluster of Galaxies,0,0,0
49.72875,41.431944,GiC   [CGW2003] J031854.9+4125,0,GiC,Galaxy in Cluster of Galaxies,0,0,0
49.726386,40.983513,G   SDSS J031854.33+405900.6,0,G,Galaxy,0,0,0
49.724167,41.547778,GiC   [CGW2003] J031853.8+4132,0,GiC,Galaxy in Cluster of Galaxies,0,0,0
49.722917,41.530556,GiC   [CGW2003] J031853.5+4131,0,GiC,Galaxy in Cluster of Galaxies,0,0,0
49.717747,41.267558,G   SDSS J031852.25+411603.2,0,G,Galaxy,0,0,0
49.707664,41.506637,G   SDSS J031849.83+413023.8,0,G,Galaxy,0,0,0
49.706665,40.89132,G   SDSS J031849.59+405328.7,0,G,Galaxy,0,0,0
49.700624,41.439767,G   SDSS J031848.14+412623.1,0,G,Galaxy,0,0,0
49.699115,41.747906,G   SDSS J031847.78+414452.4,0,G,Galaxy,0,0,0
49.698294,41.191561,G   SDSS J031847.59+411129.6,0,G,Galaxy,0,0,0
49.693246,41.030872,GiC   2MASX J03184637+4101511,0.23,GiC,Galaxy in Cluster of Galaxies,0,0,0
49.69252,41.404907,G   SDSS J031846.20+412417.6,0,G,Galaxy,0,0,0
49.6818,40.8969,GrG   [T2015] nest 200105,0,GrG,Group of Galaxies,0,0,0
49.648591,41.22728,G   SDSS J031835.66+411338.2,0,G,Galaxy,0,0,0
49.647469,41.666954,mul   2MASX J03183539+4140010,0.58,mul,Composite object,0,0,0
49.646332,41.961602,G   SDSS J031835.11+415741.7,0,G,Galaxy,0,0,0
49.628298,41.229738,G   SDSS J031830.79+411347.0,0,G,Galaxy,0,0,0
49.615391,40.973879,GiC   2MFGC 2714,0.63,GiC,Galaxy in Cluster of Galaxies,0,0,0
49.609945,41.818732,G   SDSS J031826.38+414907.4,0,G,Galaxy,0,0,0
49.605272,41.825123,G   SDSS J031825.26+414930.4,0,G,Galaxy,0,0,0
49.599136,41.644229,G   SDSS J031823.79+413839.2,0,G,Galaxy,0,0,0
49.597917,41.311833,SN?   HSC-SN 14o,0,SN?,SuperNova Candidate,0,0,0
49.596378,41.095521,G   SDSS J031823.13+410543.8,0,G,Galaxy,0,0,0
49.595964,41.197514,G   SDSS J031823.03+411151.0,0,G,Galaxy,0,0,0
49.577393,41.812463,G   SDSS J031818.57+414844.8,0,G,Galaxy,0,0,0
49.575514,41.486566,GiC   SDSS J031818.12+412911.6,0,GiC,Galaxy in Cluster of Galaxies,0,0,0
49.574127,41.503106,G   SDSS J031817.79+413011.1,0,G,Galaxy,0,0,0
49.569753,42.054894,G   SDSS J031816.74+420317.6,0,G,Galaxy,0,0,0
49.566712,41.277521,G   SDSS J031816.01+411639.0,0,G,Galaxy,0,0,0
49.566667,41.428333,IR   [WOB93] 03149+4114,0,IR,Infra-Red source,0,0,0
49.550179,41.423342,G   SDSS J031812.04+412524.0,0,G,Galaxy,0,0,0
49.541127,41.538935,G   SDSS J031809.87+413220.1,0,G,Galaxy,0,0,0
49.531868,41.522565,G   SDSS J031807.64+413121.2,0,G,Galaxy,0,0,0
49.527083,41.799167,G   LEDA 2187025,0.3,G,Galaxy,0,0,0
49.51837,41.369743,G   SDSS J031804.40+412211.0,0,G,Galaxy,0,0,0
49.518167,41.469611,SN?   HSC-SN 14n,0,SN?,SuperNova Candidate,0,0,0
49.515417,41.323056,G   LEDA 2179280,0.29,G,Galaxy,0,0,0
49.512573,41.512765,G   SDSS J031803.01+413045.9,0,G,Galaxy,0,0,0
49.5108,41.839495,GiC   LEDA  215033,0.523,GiC,Galaxy in Cluster of Galaxies,0,0,0
49.507755,42.060648,G   SDSS J031801.86+420338.3,0,G,Galaxy,0,0,0
49.504426,41.972851,G   SDSS J031801.06+415822.2,0,G,Galaxy,0,0,0
49.498696,41.201418,AG?   7C 031441.29+410107.00,0,AG?,Possible Active Galaxy Nucleus,0,0,0
49.493657,41.253541,G   SDSS J031758.47+411512.7,0,G,Galaxy,0,0,0
49.490809,41.765483,G   SDSS J031757.79+414555.7,0,G,Galaxy,0,0,0
49.489962,41.77578,G   SDSS J031757.59+414632.8,0,G,Galaxy,0,0,0
49.48191,41.30864,GrG   [TKT2016] 231,0,GrG,Group of Galaxies,0,0,0
49.473522,41.088943,GiC   2MASX J03175369+4105204,0.397,GiC,Galaxy in Cluster of Galaxies,0,0,0
49.4709,40.9589,SN*   SN 2009ix,0,SN*,SuperNova,0,0,0
49.470751,40.958081,G   Anon J031753+4057,0,G,Galaxy,0,0,0
49.468958,41.460194,GiC   [ZBO89] ACO  426-4,0,GiC,Galaxy in Cluster of Galaxies,0,0,0
49.44975,41.523806,SN?   HSC-SN 14m,0,SN?,SuperNova Candidate,0,0,0
49.449668,41.140675,Y*?   UCAC4 656-014664,0,Y*?,Young Stellar Object Candidate,0,0,0
49.448208,40.997361,SN?   HSC-SN 14l,0,SN?,SuperNova Candidate,0,0,0
49.446517,41.030222,G   SDSS J031747.16+410148.8,0,G,Galaxy,0,0,0
49.442304,41.934915,G   LEDA  213187,0.3,G,Galaxy,0,0,0
49.431667,40.962917,GiC   SDSS J031743.60+405746.3,0.273,GiC,Galaxy in Cluster of Galaxies,0,0,0
49.428422,41.599878,G   SDSS J031742.82+413559.5,0,G,Galaxy,0,0,0
49.427311,41.323124,G   SDSS J031742.55+411923.2,0,G,Galaxy,0,0,0
49.425478,41.231154,G   SDSS J031742.11+411352.1,0,G,Galaxy,0,0,0
49.410704,41.011531,GiC   2MASX J03173856+4100415,0.193,GiC,Galaxy in Cluster of Galaxies,0,0,0
49.404549,41.403799,Y*?   UCAC4 658-015296,0,Y*?,Young Stellar Object Candidate,0,0,0
49.393526,41.62143,G   SDSS J031734.44+413717.1,0,G,Galaxy,0,0,0
49.388097,41.394839,G   SDSS J031733.14+412341.4,0,G,Galaxy,0,0,0
49.385459,41.822088,G   SDSS J031732.51+414919.5,0,G,Galaxy,0,0,0
49.377731,41.155782,G   SDSS J031730.65+410920.8,0,G,Galaxy,0,0,0
49.375608,41.313194,GiC   2MASX J03173014+4118474,0.22,GiC,Galaxy in Cluster of Galaxies,0,0,0
49.347637,41.470022,G   SDSS J031723.43+412812.0,0,G,Galaxy,0,0,0
49.334788,41.258372,G   SDSS J031720.34+411530.1,0,G,Galaxy,0,0,0
49.30819,41.469918,G   SDSS J031713.96+412811.7,0,G,Galaxy,0,0,0
49.305417,41.165556,G   LEDA 2176730,0.23,G,Galaxy,0,0,0
49.304795,41.333346,G   SDSS J031713.15+412000.0,0,G,Galaxy,0,0,0
49.300824,41.381137,G   Gaia DR3 239372962793322368,0.1,G,Galaxy,0,0,0
49.27625,41.827222,G   LEDA 2187553,0.23,G,Galaxy,0,0,0
49.275766,41.541452,G   SDSS J031706.18+413229.2,0,G,Galaxy,0,0,0
49.247518,41.325886,G   Gaia DR3 239366812400170496,0.048,G,Galaxy,0,0,0
49.247125,41.000319,GiC   SDSS J031659.30+410001.1,0.273,GiC,Galaxy in Cluster of Galaxies,0,0,0
49.221937,41.496607,G   SDSS J031653.26+412947.7,0,G,Galaxy,0,0,0
49.221003,41.27346,G   SDSS J031653.04+411624.4,0,G,Galaxy,0,0,0
49.214312,41.459511,GiC   2MASX J03165143+4127342,0.193,GiC,Galaxy in Cluster of Galaxies,0,0,0
49.19625,41.203889,G   LEDA 2177293,0.3,G,Galaxy,0,0,0
49.18879,41.051583,G   SDSS J031645.30+410305.6,0,G,Galaxy,0,0,0
49.184417,41.455056,SN?   HSC-SN 14k,0,SN?,SuperNova Candidate,0,0,0
49.180304,41.686717,GiC   2MASX J03164327+4141121,0.183,GiC,Galaxy in Cluster of Galaxies,0,0,0
49.17375,41.29833,G   [MRS2020] 391,0,G,Galaxy,0,0,0
49.172759,41.255492,G   Gaia DR3 239364750815889664,0.087,G,Galaxy,0,0,0
49.17,41.848139,SN?   HSC-SN 14j,0,SN?,SuperNova Candidate,0,0,0
49.167036,41.210324,GiC   SDSS J031640.08+411237.1,0,GiC,Galaxy in Cluster of Galaxies,0,0,0
49.164506,41.500906,GiC   2MASX J03163950+4130031,0.123,GiC,Galaxy in Cluster of Galaxies,0,0,0
49.1625,41.726667,IR   [WOB93] 03133+4132,0,IR,Infra-Red source,0,0,0
49.161133,41.302158,G   LEDA 2178928,0.25,G,Galaxy,0,0,0
49.15992,41.275387,GiC   2MASX J03163834+4116315,0.36,GiC,Galaxy in Cluster of Galaxies,0,0,0
49.148682,41.605817,G   SDSS J031635.68+413620.9,0,G,Galaxy,0,0,0
49.141667,41.29,IR   [WOB93] 03132+4106,0,IR,Infra-Red source,0,0,0
49.129566,41.697376,G   SDSS J031631.09+414150.5,0,G,Galaxy,0,0,0
49.116846,41.480012,G   SDSS J031628.04+412848.0,0,G,Galaxy,0,0,0
49.108261,41.276613,G   SDSS J031625.98+411635.8,0,G,Galaxy,0,0,0
49.10625,41.936667,G   LEDA 2189439,0.26,G,Galaxy,0,0,0
49.075664,41.297113,G   SDSS J031618.15+411749.6,0,G,Galaxy,0,0,0
49.064655,41.226846,G   SDSS J031615.51+411336.6,0,G,Galaxy,0,0,0
49.047166,41.290469,G   SDSS J031611.31+411725.6,0,G,Galaxy,0,0,0
49.030417,41.813333,G   LEDA 2187293,0.25,G,Galaxy,0,0,0
49.028587,41.501485,G   Gaia DR3 239384713823837568,0.041,G,Galaxy,0,0,0
49.015686,41.812226,G   SDSS J031603.76+414844.0,0,G,Galaxy,0,0,0
49.014892,41.522939,G   SDSS J031603.57+413122.5,0,G,Galaxy,0,0,0
49.00243,41.317303,G   SDSS J031600.58+411902.2,0,G,Galaxy,0,0,0
48.975546,41.692828,GiC   SDSS J031554.13+414134.1,0,GiC,Galaxy in Cluster of Galaxies,0,0,0
48.9599,41.383919,GiC   SDSS J031550.37+412302.1,0,GiC,Galaxy in Cluster of Galaxies,0,0,0
48.9589,41.663128,G   SDSS J031550.13+413947.2,0,G,Galaxy,0,0,0
48.930637,41.258282,G   SDSS J031543.35+411529.8,0,G,Galaxy,0,0,0
48.92583,41.31861,G   [MRS2020] 324,0,G,Galaxy,0,0,0
48.880028,41.485224,G   SDSS J031531.20+412906.8,0,G,Galaxy,0,0,0
48.853883,41.55835,G   SDSS J031524.93+413330.0,0,G,Galaxy,0,0,0
